<?xml version="1.0" encoding="UTF-8"?>
<addon id="plugin.video.jiotv"
version="1.0.0"
name="JioTV"
provider-name="botallen">
<requires>
  <import addon="xbmc.python" version="2.25.0"/>
  <import addon="script.module.requests" />
  <import addon="pvr.jiotv" version="1.0.2"/>
</requires>
<extension point="xbmc.python.pluginsource" library="default.py">
  <provides>video</provides>
</extension>
<extension point="xbmc.addon.metadata">
    <summary lang="en_GB">JioTV Kodi Addon</summary>
    <description lang="en_GB">Unofficial JioTV kodi addon by botallen</description>
    <disclaimer lang="en_GB"></disclaimer>
    <language>en</language> <!-- the language of the videos or other content the plugin provides, may be omitted in case the addon does not provide any content -->
    <platform>all</platform>
    <license>MIT</license>
    <website></website> <!-- the url of the website that contains the videos (or the official website of your plugin). May be omitted.  -->
    <email>kodi@botallen.com</email> <!-- may be left omitted  -->
    <source>http://kodi.botallen.com/plugin.video.jiotv</source>
    <news></news>
    <assets>
        <icon>resources/icon.png</icon>
        <fanart>resources/fanart.jpg</fanart>
        <banner></banner>
        <clearlogo></clearlogo>
        <screenshot></screenshot>
    </assets>
  </extension>
</addon>