<?xml version="1.0" encoding="UTF-8" standalone="yes"?>
<addon id="plugin.video.jiotvplus" name="Jiotv+" provider-name="botallen" version="0.0.2">
    <requires>
        <import addon="xbmc.python" version="2.25.0"/>
        <import addon="script.module.codequick" />
        <import addon="script.module.inputstreamhelper" />
        <import addon="repository.botallen" version="1.0.0" />
    </requires>
    <extension point="xbmc.python.pluginsource" library="addon.py">
        <provides>video</provides>
    </extension>
    <extension point="xbmc.addon.metadata">
        <summary lang="en_GB">Stream Jiotv+ Content In Kodi.</summary>
        <description lang="en_GB">Watch your favorite movies from JioCinema and your favorite channels live all in Jiotv+.</description>
        <disclaimer lang="en_GB">This plugin is not officially commissioned/supported by Jio. The trademark "Jio" is registered by "Reliance Corporate IT Park Limited (RCITPL)"</disclaimer>
        <license>MIT</license>
        <source>https://github.com/botallen/repository.botallen/tree/master/plugin.video.jiotvplus</source>
        <website>https://kodi.botallen.com</website>
        <email>kodi@botallen.com</email>
        <platform>all</platform>
        <language>en</language>
        <assets>
            <icon>resources/icon.png</icon>
            <fanart>resources/fanart.png</fanart>
        </assets>
        <reuselanguageinvoker>true</reuselanguageinvoker>
    </extension>
</addon>