<?xml version="1.0" encoding="UTF-8" standalone="yes"?>
<addon id="plugin.video.tvfplay" name="TVF Play" version="1.0.1" provider-name="botallen">
    <requires>
        <import addon="xbmc.python" version="2.25.0"/>
        <import addon="script.module.routing" version="0.2.0"/>
        <import addon="script.module.requests"/>
    </requires>
    <extension point="xbmc.python.pluginsource" library="main.py">
        <provides>video</provides>
    </extension>
    <extension point="xbmc.addon.metadata">
        <summary lang="en_GB">Play TVF Content in Kodi</summary>
        <description lang="en_GB"></description>
        <language></language>
        <platform>all</platform>
        <license>MIT</license>
        <forum></forum>
        <website>kodi.botallen.com</website>
        <email>kodi@botallen.com</email>
        <source></source>
        <news></news>
        <disclaimer></disclaimer>
        <assets>
            <icon>resources/icon.png</icon>
            <fanart>resources/fanart.png</fanart>
        </assets>
    </extension>
</addon>
